{"cameraMode":{"drawMode":0,"name":"Shaded","section":"Shading Mode"},"sceneLighting":false,"audioPlay":false,"sceneViewState":{"showFog":true,"showMaterialUpdate":false,"showSkybox":true,"showFlares":true,"showImageEffects":true,"showParticleSystems":true},"in2DMode":false,"pivot":{"x":2.2300000190734865,"y":0.3100000023841858,"z":90.20800018310547},"rotation":{"x":-0.13410399854183198,"y":0.10735675692558289,"z":-0.014605991542339325,"w":-0.9850266575813294},"size":2.8578836917877199,"orthographic":false}