{"cameraMode":{"drawMode":0,"name":"Shaded","section":"Shading Mode"},"sceneLighting":false,"audioPlay":false,"sceneViewState":{"showFog":true,"showMaterialUpdate":false,"showSkybox":true,"showFlares":true,"showImageEffects":true,"showParticleSystems":true},"in2DMode":false,"pivot":{"x":-8.869999885559082,"y":0.3100000023841858,"z":90.20800018310547},"rotation":{"x":-0.1165459156036377,"y":0.09129822254180908,"z":-0.01074985507875681,"w":-0.9889217615127564},"size":9.458695411682129,"orthographic":false}