{"cameraMode":{"drawMode":0,"name":"Shaded","section":"Shading Mode"},"sceneLighting":false,"audioPlay":false,"sceneViewState":{"showFog":true,"showMaterialUpdate":false,"showSkybox":true,"showFlares":true,"showImageEffects":true,"showParticleSystems":true},"in2DMode":false,"pivot":{"x":-5.130000114440918,"y":-1.0199999809265137,"z":90.0},"rotation":{"x":-0.12556584179401399,"y":-0.07971370965242386,"z":0.010132084600627423,"w":-0.9888257384300232},"size":2.8578836917877199,"orthographic":false}