{"cameraMode":{"drawMode":0,"name":"Shaded","section":"Shading Mode"},"sceneLighting":false,"audioPlay":false,"sceneViewState":{"showFog":true,"showMaterialUpdate":false,"showSkybox":true,"showFlares":true,"showImageEffects":true,"showParticleSystems":true},"in2DMode":false,"pivot":{"x":-0.5884116888046265,"y":4.01540994644165,"z":0.0},"rotation":{"x":0.14521242678165437,"y":-0.03292275220155716,"z":0.004832357168197632,"w":0.9888408184051514},"size":6.35767936706543,"orthographic":false}