{"cameraMode":{"drawMode":0,"name":"Shaded","section":"Shading Mode"},"sceneLighting":false,"audioPlay":false,"sceneViewState":{"showFog":true,"showMaterialUpdate":false,"showSkybox":true,"showFlares":true,"showImageEffects":true,"showParticleSystems":true},"in2DMode":false,"pivot":{"x":0.27711915969848635,"y":3.9002842903137209,"z":0.0},"rotation":{"x":-0.05726375803351402,"y":0.022152045741677285,"z":-0.0012702796375378967,"w":-0.9981124997138977},"size":15.112288475036621,"orthographic":false}