{"cameraMode":{"drawMode":0,"name":"Shaded","section":"Shading Mode"},"sceneLighting":false,"audioPlay":false,"sceneViewState":{"showFog":true,"showMaterialUpdate":false,"showSkybox":true,"showFlares":true,"showImageEffects":true,"showParticleSystems":true},"in2DMode":false,"pivot":{"x":-8.039042472839356,"y":-2.6706759929656984,"z":88.87459564208985},"rotation":{"x":0.19554145634174348,"y":0.0015011726645752788,"z":-0.0003080299939028919,"w":0.9806942939758301},"size":39.070072174072269,"orthographic":false}