{"cameraMode":{"drawMode":0,"name":"Shaded","section":"Shading Mode"},"sceneLighting":false,"audioPlay":false,"sceneViewState":{"showFog":true,"showMaterialUpdate":false,"showSkybox":true,"showFlares":true,"showImageEffects":true,"showParticleSystems":true},"in2DMode":false,"pivot":{"x":-1.901904582977295,"y":2.0247538089752199,"z":0.0},"rotation":{"x":-0.13467924296855927,"y":-0.21173612773418427,"z":0.02948308177292347,"w":-0.9675536751747131},"size":5.587745666503906,"orthographic":false}