{"cameraMode":{"drawMode":0,"name":"Shaded","section":"Shading Mode"},"sceneLighting":false,"audioPlay":false,"sceneViewState":{"showFog":true,"showMaterialUpdate":false,"showSkybox":true,"showFlares":true,"showImageEffects":true,"showParticleSystems":true},"in2DMode":false,"pivot":{"x":-4.489999771118164,"y":-0.8999999761581421,"z":89.56999969482422},"rotation":{"x":-0.247536301612854,"y":0.16238899528980256,"z":-0.042114634066820148,"w":-0.9542441964149475},"size":11.684015274047852,"orthographic":false}