{"cameraMode":{"drawMode":0,"name":"Shaded","section":"Shading Mode"},"sceneLighting":false,"audioPlay":false,"sceneViewState":{"showFog":true,"showMaterialUpdate":false,"showSkybox":true,"showFlares":true,"showImageEffects":true,"showParticleSystems":true},"in2DMode":false,"pivot":{"x":4.760000228881836,"y":-1.0199999809265137,"z":90.0},"rotation":{"x":-0.17886391282081605,"y":0.25553667545318606,"z":-0.0481581836938858,"w":-0.9488885998725891},"size":55.02602767944336,"orthographic":false}